CREATE TABLE T_CELKO_TEN_IN_ON_TIO  
(TIO_ID INTEGER NOT NULL,  
 TIO_1  INTEGER NOT NULL,  
 TIO_2  INTEGER NOT NULL,  
 TIO_3  INTEGER NOT NULL,  
 TIO_4  INTEGER NOT NULL,  
 TIO_5  INTEGER NOT NULL,  
 TIO_6  INTEGER NOT NULL,  
 TIO_7  INTEGER NOT NULL,  
 TIO_8  INTEGER NOT NULL,  
 TIO_9  INTEGER NOT NULL,  
 TIO_10 INTEGER NOT NULL); 


INSERT INTO T_CELKO_TEN_IN_ON_TIO VALUES (1,   0,  1,  1,  0,  0,  0,  0,  0,  0,  0); 
INSERT INTO T_CELKO_TEN_IN_ON_TIO VALUES (2,   0,  0,  0,  0,  0,  0,  0,  1,  0,  0); 
INSERT INTO T_CELKO_TEN_IN_ON_TIO VALUES (3,   0,  1, -2,  3, -4,  5, -6,  7, -8,  5);
INSERT INTO T_CELKO_TEN_IN_ON_TIO VALUES (4,   0,  0,  0,  0,  0,  0,  0,  0,  9,  0);
INSERT INTO T_CELKO_TEN_IN_ON_TIO VALUES (5,   0,  0,  0,  0,  0, -1,  1,  0,  0,  0);
INSERT INTO T_CELKO_TEN_IN_ON_TIO VALUES (6,   0,  0,  0,  0,  0, -1,  1,  1,  0,  0);
INSERT INTO T_CELKO_TEN_IN_ON_TIO VALUES (7,   0,  1,  0,  1,  0,  0,  0,  0,  0,  1);
INSERT INTO T_CELKO_TEN_IN_ON_TIO VALUES (8,   1,  0,  0,  0,  0,  0,  0,  0,  0,  0);
INSERT INTO T_CELKO_TEN_IN_ON_TIO VALUES (9,   0,  0,  0, -1,  0,  0,  0,  0,  0,  0);
INSERT INTO T_CELKO_TEN_IN_ON_TIO VALUES (10,  0,  0,  0,  0,  0,  0,  0,  0,  0,  0);
INSERT INTO T_CELKO_TEN_IN_ON_TIO VALUES (11,  1,  1,  1,  1,  1,  1,  1,  1,  1,  1);
INSERT INTO T_CELKO_TEN_IN_ON_TIO VALUES (12,  1,  0,  0,  0,  0,  0,  0,  0,  0, -1); 

CREATE TABLE T_PERSONNE_PRS 
(PRS_NOM    CHAR(16) NOT NULL, 
 PRS_VILLE  CHAR(16), 
 PRS_NOMBRE INTEGER); 

 INSERT INTO T_PERSONNE_PRS VALUES ('MARTIN', 'PARIS', 3);
INSERT INTO T_PERSONNE_PRS VALUES ('DUPOND', 'STRASBOURG', 2); 


CREATE TABLE T_AMORTISSEMENT_AMT
(AMT_FIN     CHAR(6), 
 AMT_FIN_Y2K CHAR(10)); 

 INSERT INTO T_AMORTISSEMENT_AMT (AMT_FIN) VALUES ('990601');
INSERT INTO T_AMORTISSEMENT_AMT (AMT_FIN) VALUES ('970201'); 
INSERT INTO T_AMORTISSEMENT_AMT (AMT_FIN) VALUES ('021201');
INSERT INTO T_AMORTISSEMENT_AMT (AMT_FIN) VALUES ('941101'); 
INSERT INTO T_AMORTISSEMENT_AMT (AMT_FIN) VALUES ('920715'); 


CREATE TABLE T_CHAMBRE_CHB
(CHB_NUM INTEGER); 

CREATE TABLE T_PLANNING_PLN 
(PLN_JOUR  DATE, 
 CHB_NUM   INTEGER, 
 PLN_LIBRE CHAR(5)); 


 INSERT INTO T_CHAMBRE_CHB VALUES (1) ;
INSERT INTO T_CHAMBRE_CHB VALUES (2) ;
INSERT INTO T_CHAMBRE_CHB VALUES (3) ;
INSERT INTO T_CHAMBRE_CHB VALUES (4) ; 

INSERT INTO T_PLANNING_PLN VALUES ('2000-01-12', 1, 'False') ;
INSERT INTO T_PLANNING_PLN VALUES ('2000-01-12', 2, 'False') ;
INSERT INTO T_PLANNING_PLN VALUES ('2000-01-13', 1, 'False') ;
INSERT INTO T_PLANNING_PLN VALUES ('2000-01-13', 2, 'False') ;
INSERT INTO T_PLANNING_PLN VALUES ('2000-01-13', 4, 'True' ) ; 


CREATE TABLE T_CLIENT_CLI
(CLI_ID             INTEGER,
 CLI_NOM            VARCHAR(16),
 CLI_DATE_NAISSANCE DATE); 


 INSERT INTO T_CLIENT_CLI VALUES (24, 'HESS',      '1984-08-30') ;
INSERT INTO T_CLIENT_CLI VALUES (25, 'CHATON',    '1938-12-31') ;
INSERT INTO T_CLIENT_CLI VALUES (26, 'PLATONOFF', '1960-03-29') ;
INSERT INTO T_CLIENT_CLI VALUES (27, 'LETERRIER', '1945-08-26') ;
INSERT INTO T_CLIENT_CLI VALUES (28, 'MONTEIL',   '1985-03-23') ;
INSERT INTO T_CLIENT_CLI VALUES (29, 'SPITHAKIS', '1956-03-31') ;
INSERT INTO T_CLIENT_CLI VALUES (30, 'ORELL',     '1996-01-27') ;
INSERT INTO T_CLIENT_CLI VALUES (31, 'MARTINET',  '1946-10-24') ;
INSERT INTO T_CLIENT_CLI VALUES (32, 'RAY',       '1979-12-20') ;
INSERT INTO T_CLIENT_CLI VALUES (33, 'TARSAC',    '1992-08-14') ;
INSERT INTO T_CLIENT_CLI VALUES (34, 'COULOMB',   '1963-01-01') ;
INSERT INTO T_CLIENT_CLI VALUES (35, 'SAVY',      '1942-10-03') ;
INSERT INTO T_CLIENT_CLI VALUES (36, 'DAVID',     '1922-09-19') ;
INSERT INTO T_CLIENT_CLI VALUES (37, 'FORGEOT',   '1989-09-13') ;
INSERT INTO T_CLIENT_CLI VALUES (38, 'BERGER',    '1946-10-16') ;
INSERT INTO T_CLIENT_CLI VALUES (39, 'DOUBLET',   '1961-03-02') ;
INSERT INTO T_CLIENT_CLI VALUES (40, 'MATHIEU',   '1990-02-24') ;
INSERT INTO T_CLIENT_CLI VALUES (41, 'MOURGUES',  '1953-01-14') ;
INSERT INTO T_CLIENT_CLI VALUES (42, 'PIERROT',   '1933-02-11') ;
INSERT INTO T_CLIENT_CLI VALUES (44, 'ZAMPIERO',  '1985-01-19') ;
INSERT INTO T_CLIENT_CLI VALUES (45, 'PASCOT',    Null        ) ;
INSERT INTO T_CLIENT_CLI VALUES (46, 'MECHRI',    '1950-08-11'); 


CREATE TABLE T_ENTIER_ENT 
(ENT_N INTEGER); 

INSERT INTO T_ENTIER_ENT VALUES (0) ;
INSERT INTO T_ENTIER_ENT VALUES (1) ;
INSERT INTO T_ENTIER_ENT VALUES (2) ;
INSERT INTO T_ENTIER_ENT VALUES (3) ;
INSERT INTO T_ENTIER_ENT VALUES (4) ;
INSERT INTO T_ENTIER_ENT VALUES (5) ;
INSERT INTO T_ENTIER_ENT VALUES (6) ;
INSERT INTO T_ENTIER_ENT VALUES (7) ;
INSERT INTO T_ENTIER_ENT VALUES (8) ;
INSERT INTO T_ENTIER_ENT VALUES (9) ; 



CREATE TABLE T_PROSPECT_PSP 
(PSP_NOM VARCHAR(16)); 



INSERT INTO T_PROSPECT_PSP VALUES ('ARMAND');
INSERT INTO T_PROSPECT_PSP VALUES ('DUPONT');
INSERT INTO T_PROSPECT_PSP VALUES ('BAILLE');
INSERT INTO T_PROSPECT_PSP VALUES ('GAUTIER');
INSERT INTO T_PROSPECT_PSP VALUES ('MARTIN');
INSERT INTO T_PROSPECT_PSP VALUES ('CLAUDE');
INSERT INTO T_PROSPECT_PSP VALUES ('DUPONT'); 


CREATE TABLE T_NUMERO_NMR 
(NMR INTEGER); 

INSERT INTO T_NUMERO_NMR VALUES (1); 
INSERT INTO T_NUMERO_NMR VALUES (2);
INSERT INTO T_NUMERO_NMR VALUES (3); 
INSERT INTO T_NUMERO_NMR VALUES (5); 
INSERT INTO T_NUMERO_NMR VALUES (6); 
INSERT INTO T_NUMERO_NMR VALUES (8); 
INSERT INTO T_NUMERO_NMR VALUES (9); 
INSERT INTO T_NUMERO_NMR VALUES (10); 
INSERT INTO T_NUMERO_NMR VALUES (11); 
INSERT INTO T_NUMERO_NMR VALUES (12); 
INSERT INTO T_NUMERO_NMR VALUES (14); 
INSERT INTO T_NUMERO_NMR VALUES (15); 


CREATE TABLE T_FACTURE_FAC 
(FAC_NUM  INTEGER, 
 FAC_DATE DATE); 

CREATE TABLE T_LIGNE_FACTURE_LIF 
(LIF_NUM     INTEGER, 
 FAC_NUM     INTEGER, 
 LIF_ARTICLE VARCHAR(16), 
 LIF_MONTANT DECIMAL(16,2)); 


 INSERT INTO T_FACTURE_FAC VALUES(56, '2001-08-11') ;
INSERT INTO T_FACTURE_FAC VALUES(79, '2001-08-17') ;
INSERT INTO T_FACTURE_FAC VALUES(101,'2001-09-01'); 

INSERT INTO T_LIGNE_FACTURE_LIF VALUES (11, 56, 'Cartable', 123.50) ;
INSERT INTO T_LIGNE_FACTURE_LIF VALUES (13, 56, 'Crayons', 17.52) ;
INSERT INTO T_LIGNE_FACTURE_LIF VALUES (15, 56, 'Trousse', 29.99) ;
INSERT INTO T_LIGNE_FACTURE_LIF VALUES (16, 56, 'Feutres', 11.25) ;
INSERT INTO T_LIGNE_FACTURE_LIF VALUES (18, 56, 'Ardoise', 44.21) ;
INSERT INTO T_LIGNE_FACTURE_LIF VALUES (19, 79, 'Cigarettes', 21.55) ;
INSERT INTO T_LIGNE_FACTURE_LIF VALUES (21, 79, 'Whisky', 147.65) ;
INSERT INTO T_LIGNE_FACTURE_LIF VALUES (22, 79, 'Petite pépé', 12857.59) ;
INSERT INTO T_LIGNE_FACTURE_LIF VALUES (27, 101, 'Savon', 16.24) ;
INSERT INTO T_LIGNE_FACTURE_LIF VALUES (28, 101, 'Serviette', 45.00) ;
INSERT INTO T_LIGNE_FACTURE_LIF VALUES (32, 101, 'Shampoing', 44.22) ;
INSERT INTO T_LIGNE_FACTURE_LIF VALUES (33, 101, 'Bain moussant', 118.40); 


CREATE TABLE T_ENTIER_ENT 
(ENT_N INTEGER); 

INSERT INTO T_ENTIER_ENT VALUES (0); 
INSERT INTO T_ENTIER_ENT VALUES (1); 
INSERT INTO T_ENTIER_ENT VALUES (2); 
INSERT INTO T_ENTIER_ENT VALUES (3); 
INSERT INTO T_ENTIER_ENT VALUES (4);
INSERT INTO T_ENTIER_ENT VALUES (5); 
INSERT INTO T_ENTIER_ENT VALUES (6); 
INSERT INTO T_ENTIER_ENT VALUES (7); 
INSERT INTO T_ENTIER_ENT VALUES (8); 
INSERT INTO T_ENTIER_ENT VALUES (9);


CREATE TABLE T_TRADUCTION_TDR 
(TDR_ID      INTEGER, 
 TDR_LANGUE  VARCHAR(8),
 TDR_LIBELLE VARCHAR(256)); 


INSERT INTO T_TRADUCTION_TDR VALUES (1, 'Français', 'Erreur irrécupérable');
INSERT INTO T_TRADUCTION_TDR VALUES (1, 'Anglais',  'Fatal error'); 
INSERT INTO T_TRADUCTION_TDR VALUES (3, 'Français', 'Disque saturé'); 
INSERT INTO T_TRADUCTION_TDR VALUES (4, 'Anglais',  'Memory fault'); 


CREATE TABLE T_PANEL_PNL
(PNL_NOM VARCHAR(16),
 PNL_REPONSE1 INTEGER,
 PNL_REPONSE2 INTEGER,
 PNL_REPONSE3 INTEGER,
 PNL_REPONSE4 INTEGER,
 PNL_REPONSE5 INTEGER); 

CREATE TABLE T_REPONSES_RPS
(RPS_REPONSE1 INTEGER, 
 RPS_REPONSE2 INTEGER, 
 RPS_REPONSE3 INTEGER, 
 RPS_REPONSE4 INTEGER, 
 RPS_REPONSE5 INTEGER); 


 INSERT INTO T_PANEL_PNL VALUES ('Pierre',  1, 2, 3, 0, 0); 
INSERT INTO T_PANEL_PNL VALUES ('Paul',    1, 5, 3, 2, 1);
INSERT INTO T_PANEL_PNL VALUES ('Jacques', 0, 3, 3, 2, 2); 

INSERT INTO T_REPONSES_RPS VALUES (1, 4, 3, 2, 1); 




CREATE TABLE T_CLIENT_CLI
(CLI_ID             INTEGER,
 CLI_NOM            VARCHAR(16),
 CLI_DATE_NAISSANCE DATE); 


 INSERT INTO T_CLIENT_CLI VALUES (24, 'HESS',      '1984-08-30'); 
INSERT INTO T_CLIENT_CLI VALUES (25, 'CHATON',    '1938-12-31'); 
INSERT INTO T_CLIENT_CLI VALUES (26, 'PLATONOFF', '1960-03-29'); 
INSERT INTO T_CLIENT_CLI VALUES (27, 'LETERRIER', '1945-08-26'); 
INSERT INTO T_CLIENT_CLI VALUES (28, 'MONTEIL',   '1985-03-23'); 
INSERT INTO T_CLIENT_CLI VALUES (29, 'SPITHAKIS', '1956-03-31'); 
INSERT INTO T_CLIENT_CLI VALUES (30, 'ORELL',     '1996-01-27'); 
INSERT INTO T_CLIENT_CLI VALUES (31, 'MARTINET',  '1946-10-24'); 
INSERT INTO T_CLIENT_CLI VALUES (32, 'RAY',       '1979-12-20'); 
INSERT INTO T_CLIENT_CLI VALUES (33, 'TARSAC',    '1992-08-14'); 
INSERT INTO T_CLIENT_CLI VALUES (34, 'COULOMB',   '1963-01-01'); 
INSERT INTO T_CLIENT_CLI VALUES (35, 'SAVY',      '1942-10-03'); 
INSERT INTO T_CLIENT_CLI VALUES (36, 'DAVID',     '1922-09-19'); 
INSERT INTO T_CLIENT_CLI VALUES (37, 'FORGEOT',   '1989-09-13'); 
INSERT INTO T_CLIENT_CLI VALUES (38, 'BERGER',    '1946-10-16'); 
INSERT INTO T_CLIENT_CLI VALUES (39, 'DOUBLET',   '1961-03-02'); 
INSERT INTO T_CLIENT_CLI VALUES (40, 'MATHIEU',   '1990-02-24'); 
INSERT INTO T_CLIENT_CLI VALUES (41, 'MOURGUES',  '1953-01-14'); 
INSERT INTO T_CLIENT_CLI VALUES (42, 'PIERROT',   '1933-02-11'); 
INSERT INTO T_CLIENT_CLI VALUES (44, 'ZAMPIERO',  '1985-01-19'); 
INSERT INTO T_CLIENT_CLI VALUES (45, 'PASCOT',    Null        ); 
INSERT INTO T_CLIENT_CLI VALUES (46, 'MECHRI',    '1950-08-11'); 

